year,month,day,amount
2022,1,1,114.5946491
2022,1,2,173.8595991
2022,1,3,198.749706
2022,1,4,113.5746672
2022,1,5,129.6368645
2022,1,6,100.7932574
2022,1,7,178.6210429
2022,1,8,169.4883892
2022,1,9,156.2951991
2022,1,10,148.0162983
2022,1,11,196.9405408
2022,1,12,126.6807937
2022,1,13,145.8032502
2022,1,14,137.8910236
2022,1,15,135.0081043
2022,1,16,109.4234333
2022,1,17,120.9627407
2022,1,18,177.4132049
2022,1,19,186.5031509
2022,1,20,111.6204918
2022,1,21,118.9507336
2022,1,22,175.996468
